c8:aa:21:b0:53:c3,zviad5,1330666480.28,Dropbox,00:0b:86:74:97:60,-50
c8:aa:21:b0:53:c3,zviad5,1330666480.28,Dropbox,00:0b:86:74:9a:80,-62
c8:aa:21:b0:53:c3,zviad5,1330666480.28,Dropbox,00:0b:86:74:96:80,-70
c8:aa:21:b0:53:c3,zviad5,1330666480.28,Dropbox,00:0b:86:74:9a:90,-76
c8:aa:21:b0:53:c3,zviad5,1330666480.28,Dropbox,00:0b:86:74:95:a0,-81
c8:aa:21:b0:53:c3,zviad5,1330666480.28,Dropbox,00:0b:86:74:97:90,-82
c8:aa:21:b0:53:c3,zviad5,1330666480.28,Dropbox,d8:c7:c8:87:ba:60,-85
c8:aa:21:b0:53:c3,zviad5,1330666480.28,Dropbox,00:0b:86:74:9a:20,-85
c8:aa:21:b0:53:c3,zviad5,1330666480.28,Dropbox,00:0b:86:74:95:e0,-91
c8:aa:21:b0:53:c3,zviad5,1330666480.28,Dropbox,00:0b:86:74:99:b0,-95
c8:aa:21:b0:53:c3,zviad5,1330666480.28,Dropbox,00:0b:86:74:99:a0,-96
c8:aa:21:b0:53:c3,zviad5,1330666480.28,DropboxGuest,00:0b:86:74:97:61,-53
c8:aa:21:b0:53:c3,zviad5,1330666480.28,DropboxGuest,00:0b:86:74:9a:81,-62
c8:aa:21:b0:53:c3,zviad5,1330666480.28,DropboxGuest,00:0b:86:74:96:81,-71
c8:aa:21:b0:53:c3,zviad5,1330666480.28,DropboxGuest,00:0b:86:74:97:91,-79
c8:aa:21:b0:53:c3,zviad5,1330666480.28,DropboxGuest,00:0b:86:74:9a:91,-82
c8:aa:21:b0:53:c3,zviad5,1330666480.28,DropboxGuest,00:0b:86:74:99:b1,-83
c8:aa:21:b0:53:c3,zviad5,1330666480.28,DropboxGuest,d8:c7:c8:87:ba:61,-84
c8:aa:21:b0:53:c3,zviad5,1330666480.28,DropboxGuest,00:0b:86:74:95:a1,-85
c8:aa:21:b0:53:c3,zviad5,1330666480.28,DropboxGuest,00:0b:86:74:9a:21,-85
c8:aa:21:b0:53:c3,zviad5,1330666480.28,DropboxGuest,00:0b:86:74:99:a1,-88
c8:aa:21:b0:53:c3,zviad5,1330666480.28,DropboxGuest,00:0b:86:74:95:e1,-91
c8:aa:21:b0:53:c3,zviad5,1330666482.17,Dropbox,00:0b:86:74:97:60,-56
c8:aa:21:b0:53:c3,zviad5,1330666482.17,Dropbox,00:0b:86:74:9a:80,-61
c8:aa:21:b0:53:c3,zviad5,1330666482.17,Dropbox,00:0b:86:74:97:90,-70
c8:aa:21:b0:53:c3,zviad5,1330666482.17,Dropbox,00:0b:86:74:96:80,-75
c8:aa:21:b0:53:c3,zviad5,1330666482.17,Dropbox,00:0b:86:74:9a:90,-76
c8:aa:21:b0:53:c3,zviad5,1330666482.17,Dropbox,d8:c7:c8:87:ba:60,-85
c8:aa:21:b0:53:c3,zviad5,1330666482.17,Dropbox,00:0b:86:74:95:a0,-88
c8:aa:21:b0:53:c3,zviad5,1330666482.17,DropboxGuest,00:0b:86:74:9a:81,-52
c8:aa:21:b0:53:c3,zviad5,1330666482.17,DropboxGuest,00:0b:86:74:97:61,-54
c8:aa:21:b0:53:c3,zviad5,1330666482.17,DropboxGuest,00:0b:86:74:96:81,-71
c8:aa:21:b0:53:c3,zviad5,1330666482.17,DropboxGuest,00:0b:86:74:97:91,-72
c8:aa:21:b0:53:c3,zviad5,1330666482.17,DropboxGuest,00:0b:86:74:9a:91,-82
c8:aa:21:b0:53:c3,zviad5,1330666482.17,DropboxGuest,00:0b:86:74:99:b1,-83
c8:aa:21:b0:53:c3,zviad5,1330666482.17,DropboxGuest,00:0b:86:74:95:a1,-85
c8:aa:21:b0:53:c3,zviad5,1330666482.17,DropboxGuest,00:0b:86:74:95:e1,-87
c8:aa:21:b0:53:c3,zviad5,1330666482.17,DropboxGuest,00:0b:86:74:99:a1,-88
c8:aa:21:b0:53:c3,zviad5,1330666483.83,Dropbox,00:0b:86:74:9a:80,-54
c8:aa:21:b0:53:c3,zviad5,1330666483.83,Dropbox,00:0b:86:74:97:60,-55
c8:aa:21:b0:53:c3,zviad5,1330666483.83,Dropbox,00:0b:86:74:97:90,-74
c8:aa:21:b0:53:c3,zviad5,1330666483.83,Dropbox,00:0b:86:74:96:80,-77
c8:aa:21:b0:53:c3,zviad5,1330666483.83,Dropbox,00:0b:86:74:95:a0,-91
c8:aa:21:b0:53:c3,zviad5,1330666483.83,DropboxGuest,00:0b:86:74:97:61,-55
c8:aa:21:b0:53:c3,zviad5,1330666483.83,DropboxGuest,00:0b:86:74:9a:81,-58
c8:aa:21:b0:53:c3,zviad5,1330666483.83,DropboxGuest,00:0b:86:74:97:91,-71
c8:aa:21:b0:53:c3,zviad5,1330666483.83,DropboxGuest,00:0b:86:74:96:81,-71
c8:aa:21:b0:53:c3,zviad5,1330666483.83,DropboxGuest,00:0b:86:74:9a:91,-82
c8:aa:21:b0:53:c3,zviad5,1330666483.83,DropboxGuest,00:0b:86:74:99:b1,-83
c8:aa:21:b0:53:c3,zviad5,1330666483.83,DropboxGuest,00:0b:86:74:95:e1,-87
c8:aa:21:b0:53:c3,zviad5,1330666483.83,DropboxGuest,00:0b:86:74:99:a1,-88
c8:aa:21:b0:53:c3,zviad5,1330666483.83,DropboxGuest,00:0b:86:74:95:a1,-89
c8:aa:21:b0:53:c3,zviad5,1330666485.51,Dropbox,00:0b:86:74:9a:80,-53
c8:aa:21:b0:53:c3,zviad5,1330666485.51,Dropbox,00:0b:86:74:97:60,-54
c8:aa:21:b0:53:c3,zviad5,1330666485.51,Dropbox,00:0b:86:74:96:80,-74
c8:aa:21:b0:53:c3,zviad5,1330666485.51,Dropbox,00:0b:86:74:97:90,-74
c8:aa:21:b0:53:c3,zviad5,1330666485.51,Dropbox,00:0b:86:74:9a:90,-79
c8:aa:21:b0:53:c3,zviad5,1330666485.51,Dropbox,00:0b:86:74:99:b0,-87
c8:aa:21:b0:53:c3,zviad5,1330666485.51,Dropbox,00:0b:86:74:95:a0,-91
c8:aa:21:b0:53:c3,zviad5,1330666485.51,DropboxGuest,00:0b:86:74:97:61,-51
c8:aa:21:b0:53:c3,zviad5,1330666485.51,DropboxGuest,00:0b:86:74:9a:81,-59
c8:aa:21:b0:53:c3,zviad5,1330666485.51,DropboxGuest,00:0b:86:74:96:81,-71
c8:aa:21:b0:53:c3,zviad5,1330666485.51,DropboxGuest,00:0b:86:74:97:91,-73
c8:aa:21:b0:53:c3,zviad5,1330666485.51,DropboxGuest,00:0b:86:74:9a:91,-79
c8:aa:21:b0:53:c3,zviad5,1330666485.51,DropboxGuest,00:0b:86:74:99:b1,-82
c8:aa:21:b0:53:c3,zviad5,1330666485.51,DropboxGuest,00:0b:86:74:95:e1,-87
c8:aa:21:b0:53:c3,zviad5,1330666485.51,DropboxGuest,00:0b:86:74:95:a1,-89
c8:aa:21:b0:53:c3,zviad5,1330666487.18,Dropbox,00:0b:86:74:97:60,-53
c8:aa:21:b0:53:c3,zviad5,1330666487.18,Dropbox,00:0b:86:74:9a:80,-54
c8:aa:21:b0:53:c3,zviad5,1330666487.18,Dropbox,00:0b:86:74:97:90,-74
c8:aa:21:b0:53:c3,zviad5,1330666487.18,Dropbox,00:0b:86:74:96:80,-76
c8:aa:21:b0:53:c3,zviad5,1330666487.18,Dropbox,00:0b:86:74:9a:90,-79
c8:aa:21:b0:53:c3,zviad5,1330666487.18,Dropbox,00:0b:86:74:99:b0,-87
c8:aa:21:b0:53:c3,zviad5,1330666487.18,Dropbox,00:0b:86:74:95:e0,-89
c8:aa:21:b0:53:c3,zviad5,1330666487.18,Dropbox,00:0b:86:74:95:a0,-93
c8:aa:21:b0:53:c3,zviad5,1330666487.18,DropboxGuest,00:0b:86:74:9a:81,-54
c8:aa:21:b0:53:c3,zviad5,1330666487.18,DropboxGuest,00:0b:86:74:97:61,-55
c8:aa:21:b0:53:c3,zviad5,1330666487.18,DropboxGuest,00:0b:86:74:97:91,-71
c8:aa:21:b0:53:c3,zviad5,1330666487.18,DropboxGuest,00:0b:86:74:9a:91,-80
c8:aa:21:b0:53:c3,zviad5,1330666487.18,DropboxGuest,00:0b:86:74:99:b1,-82
c8:aa:21:b0:53:c3,zviad5,1330666487.18,DropboxGuest,00:0b:86:74:95:a1,-88
c8:aa:21:b0:53:c3,zviad5,1330666487.18,DropboxGuest,00:0b:86:74:95:e1,-88
c8:aa:21:b0:53:c3,zviad5,1330666488.76,Dropbox,00:0b:86:74:97:60,-53
c8:aa:21:b0:53:c3,zviad5,1330666488.76,Dropbox,00:0b:86:74:9a:80,-64
c8:aa:21:b0:53:c3,zviad5,1330666488.76,Dropbox,00:0b:86:74:97:90,-71
c8:aa:21:b0:53:c3,zviad5,1330666488.76,Dropbox,00:0b:86:74:96:80,-73
c8:aa:21:b0:53:c3,zviad5,1330666488.76,Dropbox,00:0b:86:74:9a:90,-79
c8:aa:21:b0:53:c3,zviad5,1330666488.76,Dropbox,00:0b:86:74:99:b0,-87
c8:aa:21:b0:53:c3,zviad5,1330666488.76,Dropbox,00:0b:86:74:95:e0,-89
c8:aa:21:b0:53:c3,zviad5,1330666488.76,Dropbox,00:0b:86:74:95:a0,-91
c8:aa:21:b0:53:c3,zviad5,1330666488.76,DropboxGuest,00:0b:86:74:97:61,-53
c8:aa:21:b0:53:c3,zviad5,1330666488.76,DropboxGuest,00:0b:86:74:9a:81,-60
c8:aa:21:b0:53:c3,zviad5,1330666488.76,DropboxGuest,00:0b:86:74:97:91,-70
c8:aa:21:b0:53:c3,zviad5,1330666488.76,DropboxGuest,00:0b:86:74:9a:91,-77
c8:aa:21:b0:53:c3,zviad5,1330666488.76,DropboxGuest,00:0b:86:74:99:b1,-84
c8:aa:21:b0:53:c3,zviad5,1330666488.76,DropboxGuest,00:0b:86:74:95:e1,-88
c8:aa:21:b0:53:c3,zviad5,1330666488.76,DropboxGuest,00:0b:86:74:95:a1,-88
c8:aa:21:b0:53:c3,zviad5,1330666490.44,Dropbox,00:0b:86:74:97:60,-55
c8:aa:21:b0:53:c3,zviad5,1330666490.44,Dropbox,00:0b:86:74:9a:80,-65
c8:aa:21:b0:53:c3,zviad5,1330666490.44,Dropbox,00:0b:86:74:97:90,-71
c8:aa:21:b0:53:c3,zviad5,1330666490.44,Dropbox,00:0b:86:74:96:80,-78
c8:aa:21:b0:53:c3,zviad5,1330666490.44,Dropbox,00:0b:86:74:9a:90,-79
c8:aa:21:b0:53:c3,zviad5,1330666490.44,Dropbox,00:0b:86:74:99:b0,-85
c8:aa:21:b0:53:c3,zviad5,1330666490.44,Dropbox,00:0b:86:74:95:e0,-85
c8:aa:21:b0:53:c3,zviad5,1330666490.44,Dropbox,00:0b:86:74:95:a0,-91
c8:aa:21:b0:53:c3,zviad5,1330666490.44,DropboxGuest,00:0b:86:74:97:61,-53
c8:aa:21:b0:53:c3,zviad5,1330666490.44,DropboxGuest,00:0b:86:74:9a:81,-61
c8:aa:21:b0:53:c3,zviad5,1330666490.44,DropboxGuest,00:0b:86:74:97:91,-73
c8:aa:21:b0:53:c3,zviad5,1330666490.44,DropboxGuest,00:0b:86:74:9a:91,-74
c8:aa:21:b0:53:c3,zviad5,1330666490.44,DropboxGuest,00:0b:86:74:99:b1,-84
c8:aa:21:b0:53:c3,zviad5,1330666490.44,DropboxGuest,00:0b:86:74:95:a1,-88
c8:aa:21:b0:53:c3,zviad5,1330666490.44,DropboxGuest,00:0b:86:74:95:e1,-88
c8:aa:21:b0:53:c3,zviad5,1330666490.44,DropboxGuest,00:0b:86:74:9a:21,-93
c8:aa:21:b0:53:c3,zviad5,1330666490.44,DropboxGuest,d8:c7:c8:87:ba:61,-96
c8:aa:21:b0:53:c3,zviad5,1330666492.11,Dropbox,00:0b:86:74:97:60,-59
c8:aa:21:b0:53:c3,zviad5,1330666492.11,Dropbox,00:0b:86:74:9a:80,-68
c8:aa:21:b0:53:c3,zviad5,1330666492.11,Dropbox,00:0b:86:74:97:90,-73
c8:aa:21:b0:53:c3,zviad5,1330666492.11,Dropbox,00:0b:86:74:96:80,-74
c8:aa:21:b0:53:c3,zviad5,1330666492.11,Dropbox,00:0b:86:74:95:e0,-85
c8:aa:21:b0:53:c3,zviad5,1330666492.11,Dropbox,00:0b:86:74:99:b0,-85
c8:aa:21:b0:53:c3,zviad5,1330666492.11,Dropbox,00:0b:86:74:95:a0,-95
c8:aa:21:b0:53:c3,zviad5,1330666492.11,DropboxGuest,00:0b:86:74:97:61,-53
c8:aa:21:b0:53:c3,zviad5,1330666492.11,DropboxGuest,00:0b:86:74:9a:81,-68
c8:aa:21:b0:53:c3,zviad5,1330666492.11,DropboxGuest,00:0b:86:74:9a:91,-74
c8:aa:21:b0:53:c3,zviad5,1330666492.11,DropboxGuest,00:0b:86:74:97:91,-74
c8:aa:21:b0:53:c3,zviad5,1330666492.11,DropboxGuest,00:0b:86:74:99:b1,-84
c8:aa:21:b0:53:c3,zviad5,1330666492.11,DropboxGuest,00:0b:86:74:95:e1,-85
c8:aa:21:b0:53:c3,zviad5,1330666492.11,DropboxGuest,00:0b:86:74:95:a1,-92
c8:aa:21:b0:53:c3,zviad5,1330666492.11,DropboxGuest,00:0b:86:74:9a:21,-93
c8:aa:21:b0:53:c3,zviad5,1330666492.11,DropboxGuest,d8:c7:c8:87:ba:61,-96
c8:aa:21:b0:53:c3,zviad5,1330666493.66,Dropbox,00:0b:86:74:9a:80,-52
c8:aa:21:b0:53:c3,zviad5,1330666493.66,Dropbox,00:0b:86:74:97:60,-56
c8:aa:21:b0:53:c3,zviad5,1330666493.66,Dropbox,00:0b:86:74:97:90,-70
c8:aa:21:b0:53:c3,zviad5,1330666493.66,Dropbox,00:0b:86:74:96:80,-74
c8:aa:21:b0:53:c3,zviad5,1330666493.66,Dropbox,00:0b:86:74:95:e0,-85
c8:aa:21:b0:53:c3,zviad5,1330666493.66,Dropbox,00:0b:86:74:95:a0,-89
c8:aa:21:b0:53:c3,zviad5,1330666493.66,Dropbox,00:0b:86:74:99:b0,-89
c8:aa:21:b0:53:c3,zviad5,1330666493.66,DropboxGuest,00:0b:86:74:9a:81,-50
c8:aa:21:b0:53:c3,zviad5,1330666493.66,DropboxGuest,00:0b:86:74:97:61,-55
c8:aa:21:b0:53:c3,zviad5,1330666493.66,DropboxGuest,00:0b:86:74:97:91,-72
c8:aa:21:b0:53:c3,zviad5,1330666493.66,DropboxGuest,00:0b:86:74:9a:91,-73
c8:aa:21:b0:53:c3,zviad5,1330666493.66,DropboxGuest,00:0b:86:74:95:e1,-85
c8:aa:21:b0:53:c3,zviad5,1330666493.66,DropboxGuest,00:0b:86:74:95:a1,-85
c8:aa:21:b0:53:c3,zviad5,1330666493.66,DropboxGuest,00:0b:86:74:99:b1,-89
c8:aa:21:b0:53:c3,zviad5,1330666493.66,DropboxGuest,00:0b:86:74:9a:21,-93
c8:aa:21:b0:53:c3,zviad5,1330666493.66,DropboxGuest,d8:c7:c8:87:ba:61,-96
c8:aa:21:b0:53:c3,zviad5,1330666495.55,Dropbox,00:0b:86:74:97:60,-49
c8:aa:21:b0:53:c3,zviad5,1330666495.55,Dropbox,00:0b:86:74:9a:80,-53
c8:aa:21:b0:53:c3,zviad5,1330666495.55,Dropbox,00:0b:86:74:97:90,-70
c8:aa:21:b0:53:c3,zviad5,1330666495.55,Dropbox,00:0b:86:74:96:80,-76
c8:aa:21:b0:53:c3,zviad5,1330666495.55,Dropbox,00:0b:86:74:99:b0,-84
c8:aa:21:b0:53:c3,zviad5,1330666495.55,Dropbox,00:0b:86:74:95:e0,-88
c8:aa:21:b0:53:c3,zviad5,1330666495.55,Dropbox,00:0b:86:74:95:a0,-89
c8:aa:21:b0:53:c3,zviad5,1330666495.55,DropboxGuest,00:0b:86:74:97:61,-48
c8:aa:21:b0:53:c3,zviad5,1330666495.55,DropboxGuest,00:0b:86:74:9a:81,-54
c8:aa:21:b0:53:c3,zviad5,1330666495.55,DropboxGuest,00:0b:86:74:96:81,-74
c8:aa:21:b0:53:c3,zviad5,1330666495.55,DropboxGuest,00:0b:86:74:97:91,-77
c8:aa:21:b0:53:c3,zviad5,1330666495.55,DropboxGuest,00:0b:86:74:9a:91,-77
c8:aa:21:b0:53:c3,zviad5,1330666495.55,DropboxGuest,00:0b:86:74:95:a1,-85
c8:aa:21:b0:53:c3,zviad5,1330666495.55,DropboxGuest,00:0b:86:74:95:e1,-88
c8:aa:21:b0:53:c3,zviad5,1330666495.55,DropboxGuest,00:0b:86:74:99:b1,-89
c8:aa:21:b0:53:c3,zviad5,1330666495.55,DropboxGuest,00:0b:86:74:9a:21,-93
c8:aa:21:b0:53:c3,zviad5,1330666495.55,DropboxGuest,d8:c7:c8:87:ba:61,-96
c8:aa:21:b0:53:c3,zviad5,1330666497.22,Dropbox,00:0b:86:74:97:60,-55
c8:aa:21:b0:53:c3,zviad5,1330666497.22,Dropbox,00:0b:86:74:9a:80,-55
c8:aa:21:b0:53:c3,zviad5,1330666497.22,Dropbox,00:0b:86:74:97:90,-70
c8:aa:21:b0:53:c3,zviad5,1330666497.22,Dropbox,00:0b:86:74:96:80,-73
c8:aa:21:b0:53:c3,zviad5,1330666497.22,Dropbox,00:0b:86:74:99:b0,-84
c8:aa:21:b0:53:c3,zviad5,1330666497.22,Dropbox,00:0b:86:74:95:e0,-88
c8:aa:21:b0:53:c3,zviad5,1330666497.22,Dropbox,00:0b:86:74:95:a0,-88
c8:aa:21:b0:53:c3,zviad5,1330666497.22,DropboxGuest,00:0b:86:74:9a:81,-50
c8:aa:21:b0:53:c3,zviad5,1330666497.22,DropboxGuest,00:0b:86:74:97:61,-54
c8:aa:21:b0:53:c3,zviad5,1330666497.22,DropboxGuest,00:0b:86:74:97:91,-73
c8:aa:21:b0:53:c3,zviad5,1330666497.22,DropboxGuest,00:0b:86:74:96:81,-74
c8:aa:21:b0:53:c3,zviad5,1330666497.22,DropboxGuest,00:0b:86:74:9a:91,-81
c8:aa:21:b0:53:c3,zviad5,1330666497.22,DropboxGuest,00:0b:86:74:99:b1,-83
c8:aa:21:b0:53:c3,zviad5,1330666497.22,DropboxGuest,00:0b:86:74:95:a1,-85
c8:aa:21:b0:53:c3,zviad5,1330666497.22,DropboxGuest,00:0b:86:74:95:e1,-88
c8:aa:21:b0:53:c3,zviad5,1330666498.76,Dropbox,00:0b:86:74:97:60,-54
c8:aa:21:b0:53:c3,zviad5,1330666498.76,Dropbox,00:0b:86:74:9a:80,-60
c8:aa:21:b0:53:c3,zviad5,1330666498.76,Dropbox,00:0b:86:74:97:90,-73
c8:aa:21:b0:53:c3,zviad5,1330666498.76,Dropbox,00:0b:86:74:96:80,-76
c8:aa:21:b0:53:c3,zviad5,1330666498.76,Dropbox,00:0b:86:74:9a:90,-81
c8:aa:21:b0:53:c3,zviad5,1330666498.76,Dropbox,00:0b:86:74:95:e0,-88
c8:aa:21:b0:53:c3,zviad5,1330666498.76,Dropbox,00:0b:86:74:95:a0,-88
c8:aa:21:b0:53:c3,zviad5,1330666498.76,Dropbox,00:0b:86:74:99:b0,-89
c8:aa:21:b0:53:c3,zviad5,1330666498.76,DropboxGuest,00:0b:86:74:97:61,-50
c8:aa:21:b0:53:c3,zviad5,1330666498.76,DropboxGuest,00:0b:86:74:9a:81,-56
c8:aa:21:b0:53:c3,zviad5,1330666498.76,DropboxGuest,00:0b:86:74:97:91,-72
c8:aa:21:b0:53:c3,zviad5,1330666498.76,DropboxGuest,00:0b:86:74:96:81,-74
c8:aa:21:b0:53:c3,zviad5,1330666498.76,DropboxGuest,00:0b:86:74:9a:91,-76
c8:aa:21:b0:53:c3,zviad5,1330666498.76,DropboxGuest,00:0b:86:74:95:a1,-85
c8:aa:21:b0:53:c3,zviad5,1330666498.76,DropboxGuest,00:0b:86:74:95:e1,-89
c8:aa:21:b0:53:c3,zviad5,1330666498.76,DropboxGuest,00:0b:86:74:99:b1,-91
c8:aa:21:b0:53:c3,zviad5,1330666498.76,DropboxGuest,00:0b:86:74:9a:21,-91
c8:aa:21:b0:53:c3,zviad5,1330666498.76,DropboxGuest,d8:c7:c8:87:ba:61,-96
c8:aa:21:b0:53:c3,zviad5,1330666500.47,Dropbox,00:0b:86:74:97:60,-52
c8:aa:21:b0:53:c3,zviad5,1330666500.47,Dropbox,00:0b:86:74:9a:80,-52
c8:aa:21:b0:53:c3,zviad5,1330666500.47,Dropbox,00:0b:86:74:97:90,-71
c8:aa:21:b0:53:c3,zviad5,1330666500.47,Dropbox,00:0b:86:74:96:80,-72
c8:aa:21:b0:53:c3,zviad5,1330666500.47,Dropbox,00:0b:86:74:9a:90,-81
c8:aa:21:b0:53:c3,zviad5,1330666500.47,Dropbox,00:0b:86:74:95:e0,-88
c8:aa:21:b0:53:c3,zviad5,1330666500.47,Dropbox,00:0b:86:74:95:a0,-89
c8:aa:21:b0:53:c3,zviad5,1330666500.47,Dropbox,00:0b:86:74:99:b0,-89
c8:aa:21:b0:53:c3,zviad5,1330666500.47,DropboxGuest,00:0b:86:74:9a:81,-52
c8:aa:21:b0:53:c3,zviad5,1330666500.47,DropboxGuest,00:0b:86:74:97:61,-53
c8:aa:21:b0:53:c3,zviad5,1330666500.47,DropboxGuest,00:0b:86:74:97:91,-70
c8:aa:21:b0:53:c3,zviad5,1330666500.47,DropboxGuest,00:0b:86:74:96:81,-75
c8:aa:21:b0:53:c3,zviad5,1330666500.47,DropboxGuest,00:0b:86:74:9a:91,-76
c8:aa:21:b0:53:c3,zviad5,1330666500.47,DropboxGuest,00:0b:86:74:99:b1,-82
c8:aa:21:b0:53:c3,zviad5,1330666500.47,DropboxGuest,00:0b:86:74:95:e1,-89
c8:aa:21:b0:53:c3,zviad5,1330666500.47,DropboxGuest,00:0b:86:74:9a:21,-91
c8:aa:21:b0:53:c3,zviad5,1330666500.47,DropboxGuest,00:0b:86:74:95:a1,-91
c8:aa:21:b0:53:c3,zviad5,1330666500.47,DropboxGuest,d8:c7:c8:87:ba:61,-96
c8:aa:21:b0:53:c3,zviad5,1330666502.09,Dropbox,00:0b:86:74:97:60,-53
c8:aa:21:b0:53:c3,zviad5,1330666502.09,Dropbox,00:0b:86:74:9a:80,-56
c8:aa:21:b0:53:c3,zviad5,1330666502.09,Dropbox,00:0b:86:74:97:90,-71
c8:aa:21:b0:53:c3,zviad5,1330666502.09,Dropbox,00:0b:86:74:96:80,-74
c8:aa:21:b0:53:c3,zviad5,1330666502.09,Dropbox,00:0b:86:74:9a:90,-81
c8:aa:21:b0:53:c3,zviad5,1330666502.09,Dropbox,00:0b:86:74:99:b0,-89
c8:aa:21:b0:53:c3,zviad5,1330666502.09,Dropbox,00:0b:86:74:95:a0,-91
c8:aa:21:b0:53:c3,zviad5,1330666502.09,DropboxGuest,00:0b:86:74:9a:81,-53
c8:aa:21:b0:53:c3,zviad5,1330666502.09,DropboxGuest,00:0b:86:74:97:61,-53
c8:aa:21:b0:53:c3,zviad5,1330666502.09,DropboxGuest,00:0b:86:74:97:91,-73
c8:aa:21:b0:53:c3,zviad5,1330666502.09,DropboxGuest,00:0b:86:74:96:81,-74
c8:aa:21:b0:53:c3,zviad5,1330666502.09,DropboxGuest,00:0b:86:74:9a:91,-77
c8:aa:21:b0:53:c3,zviad5,1330666502.09,DropboxGuest,00:0b:86:74:99:b1,-82
c8:aa:21:b0:53:c3,zviad5,1330666502.09,DropboxGuest,00:0b:86:74:95:e1,-89
c8:aa:21:b0:53:c3,zviad5,1330666502.09,DropboxGuest,00:0b:86:74:95:a1,-91
c8:aa:21:b0:53:c3,zviad5,1330666502.09,DropboxGuest,00:0b:86:74:9a:21,-91
c8:aa:21:b0:53:c3,zviad5,1330666502.09,DropboxGuest,d8:c7:c8:87:ba:61,-96
c8:aa:21:b0:53:c3,zviad5,1330666503.64,Dropbox,00:0b:86:74:97:60,-51
c8:aa:21:b0:53:c3,zviad5,1330666503.64,Dropbox,00:0b:86:74:9a:80,-55
c8:aa:21:b0:53:c3,zviad5,1330666503.64,Dropbox,00:0b:86:74:96:80,-71
c8:aa:21:b0:53:c3,zviad5,1330666503.64,Dropbox,00:0b:86:74:97:90,-71
c8:aa:21:b0:53:c3,zviad5,1330666503.64,Dropbox,00:0b:86:74:9a:90,-81
c8:aa:21:b0:53:c3,zviad5,1330666503.64,Dropbox,00:0b:86:74:99:b0,-89
c8:aa:21:b0:53:c3,zviad5,1330666503.64,Dropbox,00:0b:86:74:95:a0,-89
c8:aa:21:b0:53:c3,zviad5,1330666503.64,DropboxGuest,00:0b:86:74:97:61,-50
c8:aa:21:b0:53:c3,zviad5,1330666503.64,DropboxGuest,00:0b:86:74:9a:81,-57
c8:aa:21:b0:53:c3,zviad5,1330666503.64,DropboxGuest,00:0b:86:74:97:91,-71
c8:aa:21:b0:53:c3,zviad5,1330666503.64,DropboxGuest,00:0b:86:74:9a:91,-74
c8:aa:21:b0:53:c3,zviad5,1330666503.64,DropboxGuest,00:0b:86:74:96:81,-74
c8:aa:21:b0:53:c3,zviad5,1330666503.64,DropboxGuest,00:0b:86:74:95:a1,-88
c8:aa:21:b0:53:c3,zviad5,1330666503.64,DropboxGuest,00:0b:86:74:95:e1,-89
c8:aa:21:b0:53:c3,zviad5,1330666503.64,DropboxGuest,00:0b:86:74:99:b1,-91
c8:aa:21:b0:53:c3,zviad5,1330666503.64,DropboxGuest,00:0b:86:74:9a:21,-91
c8:aa:21:b0:53:c3,zviad5,1330666503.64,DropboxGuest,d8:c7:c8:87:ba:61,-96
c8:aa:21:b0:53:c3,zviad5,1330666505.32,Dropbox,00:0b:86:74:97:60,-53
c8:aa:21:b0:53:c3,zviad5,1330666505.32,Dropbox,00:0b:86:74:9a:80,-55
c8:aa:21:b0:53:c3,zviad5,1330666505.32,Dropbox,00:0b:86:74:96:80,-70
c8:aa:21:b0:53:c3,zviad5,1330666505.32,Dropbox,00:0b:86:74:9a:90,-70
c8:aa:21:b0:53:c3,zviad5,1330666505.32,Dropbox,00:0b:86:74:97:90,-72
c8:aa:21:b0:53:c3,zviad5,1330666505.32,Dropbox,00:0b:86:74:95:a0,-83
c8:aa:21:b0:53:c3,zviad5,1330666505.32,Dropbox,00:0b:86:74:95:e0,-91
c8:aa:21:b0:53:c3,zviad5,1330666505.32,DropboxGuest,00:0b:86:74:97:61,-48
c8:aa:21:b0:53:c3,zviad5,1330666505.32,DropboxGuest,00:0b:86:74:9a:81,-56
c8:aa:21:b0:53:c3,zviad5,1330666505.32,DropboxGuest,00:0b:86:74:97:91,-73
c8:aa:21:b0:53:c3,zviad5,1330666505.32,DropboxGuest,00:0b:86:74:96:81,-74
c8:aa:21:b0:53:c3,zviad5,1330666505.32,DropboxGuest,00:0b:86:74:9a:91,-75
c8:aa:21:b0:53:c3,zviad5,1330666505.32,DropboxGuest,00:0b:86:74:95:a1,-88
c8:aa:21:b0:53:c3,zviad5,1330666505.32,DropboxGuest,00:0b:86:74:95:e1,-89
c8:aa:21:b0:53:c3,zviad5,1330666505.32,DropboxGuest,00:0b:86:74:99:b1,-91
c8:aa:21:b0:53:c3,zviad5,1330666507.03,Dropbox,00:0b:86:74:97:60,-50
c8:aa:21:b0:53:c3,zviad5,1330666507.03,Dropbox,00:0b:86:74:9a:80,-58
c8:aa:21:b0:53:c3,zviad5,1330666507.03,Dropbox,00:0b:86:74:96:80,-70
c8:aa:21:b0:53:c3,zviad5,1330666507.03,Dropbox,00:0b:86:74:9a:90,-70
c8:aa:21:b0:53:c3,zviad5,1330666507.03,Dropbox,00:0b:86:74:97:90,-72
c8:aa:21:b0:53:c3,zviad5,1330666507.03,Dropbox,00:0b:86:74:95:a0,-83
c8:aa:21:b0:53:c3,zviad5,1330666507.03,Dropbox,00:0b:86:74:99:b0,-85
c8:aa:21:b0:53:c3,zviad5,1330666507.03,Dropbox,00:0b:86:74:95:e0,-91
c8:aa:21:b0:53:c3,zviad5,1330666507.03,DropboxGuest,00:0b:86:74:97:61,-51
c8:aa:21:b0:53:c3,zviad5,1330666507.03,DropboxGuest,00:0b:86:74:9a:81,-56
c8:aa:21:b0:53:c3,zviad5,1330666507.03,DropboxGuest,00:0b:86:74:96:81,-69
c8:aa:21:b0:53:c3,zviad5,1330666507.03,DropboxGuest,00:0b:86:74:97:91,-73
c8:aa:21:b0:53:c3,zviad5,1330666507.03,DropboxGuest,00:0b:86:74:9a:91,-75
c8:aa:21:b0:53:c3,zviad5,1330666507.03,DropboxGuest,00:0b:86:74:95:a1,-88
c8:aa:21:b0:53:c3,zviad5,1330666507.03,DropboxGuest,00:0b:86:74:95:e1,-89
c8:aa:21:b0:53:c3,zviad5,1330666507.03,DropboxGuest,00:0b:86:74:99:b1,-91
c8:aa:21:b0:53:c3,zviad5,1330666508.57,Dropbox,00:0b:86:74:97:60,-51
c8:aa:21:b0:53:c3,zviad5,1330666508.57,Dropbox,00:0b:86:74:9a:80,-56
c8:aa:21:b0:53:c3,zviad5,1330666508.57,Dropbox,00:0b:86:74:9a:90,-70
c8:aa:21:b0:53:c3,zviad5,1330666508.57,Dropbox,00:0b:86:74:97:90,-72
c8:aa:21:b0:53:c3,zviad5,1330666508.57,Dropbox,00:0b:86:74:96:80,-73
c8:aa:21:b0:53:c3,zviad5,1330666508.57,Dropbox,00:0b:86:74:95:a0,-83
c8:aa:21:b0:53:c3,zviad5,1330666508.57,Dropbox,00:0b:86:74:99:b0,-89
c8:aa:21:b0:53:c3,zviad5,1330666508.57,Dropbox,00:0b:86:74:95:e0,-91
c8:aa:21:b0:53:c3,zviad5,1330666508.57,Dropbox,d8:c7:c8:87:ba:60,-92
c8:aa:21:b0:53:c3,zviad5,1330666508.57,DropboxGuest,00:0b:86:74:97:61,-50
c8:aa:21:b0:53:c3,zviad5,1330666508.57,DropboxGuest,00:0b:86:74:9a:81,-50
c8:aa:21:b0:53:c3,zviad5,1330666508.57,DropboxGuest,00:0b:86:74:96:81,-69
c8:aa:21:b0:53:c3,zviad5,1330666508.57,DropboxGuest,00:0b:86:74:97:91,-72
c8:aa:21:b0:53:c3,zviad5,1330666508.57,DropboxGuest,00:0b:86:74:9a:91,-77
c8:aa:21:b0:53:c3,zviad5,1330666508.57,DropboxGuest,00:0b:86:74:99:b1,-85
c8:aa:21:b0:53:c3,zviad5,1330666508.57,DropboxGuest,00:0b:86:74:95:a1,-88
c8:aa:21:b0:53:c3,zviad5,1330666508.57,DropboxGuest,00:0b:86:74:95:e1,-89
c8:aa:21:b0:53:c3,zviad5,1330666508.57,DropboxGuest,d8:c7:c8:87:ba:61,-92
c8:aa:21:b0:53:c3,zviad5,1330666510.22,Dropbox,00:0b:86:74:97:60,-52
c8:aa:21:b0:53:c3,zviad5,1330666510.22,Dropbox,00:0b:86:74:9a:80,-62
c8:aa:21:b0:53:c3,zviad5,1330666510.22,Dropbox,00:0b:86:74:9a:90,-70
c8:aa:21:b0:53:c3,zviad5,1330666510.22,Dropbox,00:0b:86:74:96:80,-71
c8:aa:21:b0:53:c3,zviad5,1330666510.22,Dropbox,00:0b:86:74:97:90,-72
c8:aa:21:b0:53:c3,zviad5,1330666510.22,Dropbox,00:0b:86:74:99:b0,-89
c8:aa:21:b0:53:c3,zviad5,1330666510.22,Dropbox,00:0b:86:74:95:e0,-91
c8:aa:21:b0:53:c3,zviad5,1330666510.22,Dropbox,d8:c7:c8:87:ba:60,-92
c8:aa:21:b0:53:c3,zviad5,1330666510.22,Dropbox,00:0b:86:74:95:a0,-95
c8:aa:21:b0:53:c3,zviad5,1330666510.22,DropboxGuest,00:0b:86:74:97:61,-51
c8:aa:21:b0:53:c3,zviad5,1330666510.22,DropboxGuest,00:0b:86:74:9a:81,-51
c8:aa:21:b0:53:c3,zviad5,1330666510.22,DropboxGuest,00:0b:86:74:96:81,-70
c8:aa:21:b0:53:c3,zviad5,1330666510.22,DropboxGuest,00:0b:86:74:9a:91,-81
c8:aa:21:b0:53:c3,zviad5,1330666510.22,DropboxGuest,00:0b:86:74:97:91,-81
c8:aa:21:b0:53:c3,zviad5,1330666510.22,DropboxGuest,00:0b:86:74:99:b1,-85
c8:aa:21:b0:53:c3,zviad5,1330666510.22,DropboxGuest,00:0b:86:74:95:e1,-89
c8:aa:21:b0:53:c3,zviad5,1330666510.22,DropboxGuest,d8:c7:c8:87:ba:61,-92
c8:aa:21:b0:53:c3,zviad5,1330666510.22,DropboxGuest,00:0b:86:74:95:a1,-95
c8:aa:21:b0:53:c3,zviad5,1330666511.78,Dropbox,00:0b:86:74:9a:80,-47
c8:aa:21:b0:53:c3,zviad5,1330666511.78,Dropbox,00:0b:86:74:97:60,-53
c8:aa:21:b0:53:c3,zviad5,1330666511.78,Dropbox,00:0b:86:74:96:80,-69
c8:aa:21:b0:53:c3,zviad5,1330666511.78,Dropbox,00:0b:86:74:99:b0,-89
c8:aa:21:b0:53:c3,zviad5,1330666511.78,Dropbox,d8:c7:c8:87:ba:60,-92
c8:aa:21:b0:53:c3,zviad5,1330666511.78,Dropbox,00:0b:86:74:95:a0,-95
c8:aa:21:b0:53:c3,zviad5,1330666511.78,DropboxGuest,00:0b:86:74:97:61,-53
c8:aa:21:b0:53:c3,zviad5,1330666511.78,DropboxGuest,00:0b:86:74:9a:81,-55
c8:aa:21:b0:53:c3,zviad5,1330666511.78,DropboxGuest,00:0b:86:74:96:81,-70
c8:aa:21:b0:53:c3,zviad5,1330666511.78,DropboxGuest,00:0b:86:74:9a:91,-75
c8:aa:21:b0:53:c3,zviad5,1330666511.78,DropboxGuest,00:0b:86:74:97:91,-75
c8:aa:21:b0:53:c3,zviad5,1330666511.78,DropboxGuest,00:0b:86:74:99:b1,-85
c8:aa:21:b0:53:c3,zviad5,1330666511.78,DropboxGuest,d8:c7:c8:87:ba:61,-92
c8:aa:21:b0:53:c3,zviad5,1330666511.78,DropboxGuest,00:0b:86:74:95:a1,-95
c8:aa:21:b0:53:c3,zviad5,1330666513.42,Dropbox,00:0b:86:74:97:60,-49
c8:aa:21:b0:53:c3,zviad5,1330666513.42,Dropbox,00:0b:86:74:9a:80,-53
c8:aa:21:b0:53:c3,zviad5,1330666513.42,Dropbox,00:0b:86:74:96:80,-71
c8:aa:21:b0:53:c3,zviad5,1330666513.42,Dropbox,00:0b:86:74:99:b0,-89
c8:aa:21:b0:53:c3,zviad5,1330666513.42,Dropbox,d8:c7:c8:87:ba:60,-92
c8:aa:21:b0:53:c3,zviad5,1330666513.42,Dropbox,00:0b:86:74:95:a0,-95
c8:aa:21:b0:53:c3,zviad5,1330666513.42,DropboxGuest,00:0b:86:74:97:61,-50
c8:aa:21:b0:53:c3,zviad5,1330666513.42,DropboxGuest,00:0b:86:74:9a:81,-54
c8:aa:21:b0:53:c3,zviad5,1330666513.42,DropboxGuest,00:0b:86:74:96:81,-70
c8:aa:21:b0:53:c3,zviad5,1330666513.42,DropboxGuest,00:0b:86:74:97:91,-71
c8:aa:21:b0:53:c3,zviad5,1330666513.42,DropboxGuest,00:0b:86:74:9a:91,-73
c8:aa:21:b0:53:c3,zviad5,1330666513.42,DropboxGuest,00:0b:86:74:99:b1,-85
c8:aa:21:b0:53:c3,zviad5,1330666513.42,DropboxGuest,d8:c7:c8:87:ba:61,-92
c8:aa:21:b0:53:c3,zviad5,1330666513.42,DropboxGuest,00:0b:86:74:95:a1,-95
c8:aa:21:b0:53:c3,zviad5,1330666515.07,Dropbox,00:0b:86:74:9a:80,-54
c8:aa:21:b0:53:c3,zviad5,1330666515.07,Dropbox,00:0b:86:74:97:60,-55
c8:aa:21:b0:53:c3,zviad5,1330666515.07,Dropbox,00:0b:86:74:97:90,-74
c8:aa:21:b0:53:c3,zviad5,1330666515.07,Dropbox,00:0b:86:74:96:80,-76
c8:aa:21:b0:53:c3,zviad5,1330666515.07,Dropbox,00:0b:86:74:99:b0,-88
c8:aa:21:b0:53:c3,zviad5,1330666515.07,Dropbox,00:0b:86:74:95:a0,-95
c8:aa:21:b0:53:c3,zviad5,1330666515.07,DropboxGuest,00:0b:86:74:97:61,-52
c8:aa:21:b0:53:c3,zviad5,1330666515.07,DropboxGuest,00:0b:86:74:9a:81,-61
c8:aa:21:b0:53:c3,zviad5,1330666515.07,DropboxGuest,00:0b:86:74:97:91,-74
c8:aa:21:b0:53:c3,zviad5,1330666515.07,DropboxGuest,00:0b:86:74:96:81,-74
c8:aa:21:b0:53:c3,zviad5,1330666515.07,DropboxGuest,00:0b:86:74:9a:91,-76
c8:aa:21:b0:53:c3,zviad5,1330666515.07,DropboxGuest,00:0b:86:74:99:b1,-88
c8:aa:21:b0:53:c3,zviad5,1330666515.07,DropboxGuest,00:0b:86:74:95:a1,-89
c8:aa:21:b0:53:c3,zviad5,1330666516.64,Dropbox,00:0b:86:74:9a:80,-53
c8:aa:21:b0:53:c3,zviad5,1330666516.64,Dropbox,00:0b:86:74:97:60,-54
c8:aa:21:b0:53:c3,zviad5,1330666516.64,Dropbox,00:0b:86:74:97:90,-73
c8:aa:21:b0:53:c3,zviad5,1330666516.64,Dropbox,00:0b:86:74:96:80,-74
c8:aa:21:b0:53:c3,zviad5,1330666516.64,Dropbox,00:0b:86:74:9a:90,-76
c8:aa:21:b0:53:c3,zviad5,1330666516.64,Dropbox,00:0b:86:74:99:b0,-88
c8:aa:21:b0:53:c3,zviad5,1330666516.64,DropboxGuest,00:0b:86:74:97:61,-52
c8:aa:21:b0:53:c3,zviad5,1330666516.64,DropboxGuest,00:0b:86:74:9a:81,-62
c8:aa:21:b0:53:c3,zviad5,1330666516.64,DropboxGuest,00:0b:86:74:97:91,-73
c8:aa:21:b0:53:c3,zviad5,1330666516.64,DropboxGuest,00:0b:86:74:9a:91,-76
c8:aa:21:b0:53:c3,zviad5,1330666516.64,DropboxGuest,00:0b:86:74:96:81,-79
c8:aa:21:b0:53:c3,zviad5,1330666516.64,DropboxGuest,00:0b:86:74:95:e1,-85
c8:aa:21:b0:53:c3,zviad5,1330666516.64,DropboxGuest,00:0b:86:74:99:b1,-88
c8:aa:21:b0:53:c3,zviad5,1330666516.64,DropboxGuest,00:0b:86:74:95:a1,-89
c8:aa:21:b0:53:c3,zviad5,1330666518.33,Dropbox,00:0b:86:74:97:60,-50
c8:aa:21:b0:53:c3,zviad5,1330666518.33,Dropbox,00:0b:86:74:9a:80,-50
c8:aa:21:b0:53:c3,zviad5,1330666518.33,Dropbox,00:0b:86:74:97:90,-70
c8:aa:21:b0:53:c3,zviad5,1330666518.33,Dropbox,00:0b:86:74:96:80,-73
c8:aa:21:b0:53:c3,zviad5,1330666518.33,Dropbox,00:0b:86:74:9a:90,-76
c8:aa:21:b0:53:c3,zviad5,1330666518.33,Dropbox,00:0b:86:74:99:b0,-87
c8:aa:21:b0:53:c3,zviad5,1330666518.33,DropboxGuest,00:0b:86:74:97:61,-54
c8:aa:21:b0:53:c3,zviad5,1330666518.33,DropboxGuest,00:0b:86:74:9a:81,-58
c8:aa:21:b0:53:c3,zviad5,1330666518.33,DropboxGuest,00:0b:86:74:97:91,-69
c8:aa:21:b0:53:c3,zviad5,1330666518.33,DropboxGuest,00:0b:86:74:96:81,-72
c8:aa:21:b0:53:c3,zviad5,1330666518.33,DropboxGuest,00:0b:86:74:9a:91,-75
c8:aa:21:b0:53:c3,zviad5,1330666518.33,DropboxGuest,00:0b:86:74:95:e1,-85
c8:aa:21:b0:53:c3,zviad5,1330666518.33,DropboxGuest,00:0b:86:74:95:a1,-85
c8:aa:21:b0:53:c3,zviad5,1330666518.33,DropboxGuest,00:0b:86:74:99:b1,-89
c8:aa:21:b0:53:c3,zviad5,1330666520.02,Dropbox,00:0b:86:74:9a:80,-50
c8:aa:21:b0:53:c3,zviad5,1330666520.02,Dropbox,00:0b:86:74:97:60,-54
c8:aa:21:b0:53:c3,zviad5,1330666520.02,Dropbox,00:0b:86:74:97:90,-69
c8:aa:21:b0:53:c3,zviad5,1330666520.02,Dropbox,00:0b:86:74:9a:90,-76
c8:aa:21:b0:53:c3,zviad5,1330666520.02,Dropbox,00:0b:86:74:96:80,-79
c8:aa:21:b0:53:c3,zviad5,1330666520.02,Dropbox,00:0b:86:74:95:a0,-87
c8:aa:21:b0:53:c3,zviad5,1330666520.02,Dropbox,00:0b:86:74:95:e0,-87
c8:aa:21:b0:53:c3,zviad5,1330666520.02,Dropbox,00:0b:86:74:99:b0,-87
c8:aa:21:b0:53:c3,zviad5,1330666520.02,DropboxGuest,00:0b:86:74:97:61,-55
c8:aa:21:b0:53:c3,zviad5,1330666520.02,DropboxGuest,00:0b:86:74:9a:81,-56
c8:aa:21:b0:53:c3,zviad5,1330666520.02,DropboxGuest,00:0b:86:74:97:91,-69
c8:aa:21:b0:53:c3,zviad5,1330666520.02,DropboxGuest,00:0b:86:74:96:81,-72
c8:aa:21:b0:53:c3,zviad5,1330666520.02,DropboxGuest,00:0b:86:74:9a:91,-80
c8:aa:21:b0:53:c3,zviad5,1330666520.02,DropboxGuest,00:0b:86:74:99:b1,-85
c8:aa:21:b0:53:c3,zviad5,1330666520.02,DropboxGuest,00:0b:86:74:95:e1,-87
c8:aa:21:b0:53:c3,zviad5,1330666520.02,DropboxGuest,00:0b:86:74:95:a1,-91
c8:aa:21:b0:53:c3,zviad5,1330666521.57,Dropbox,00:0b:86:74:9a:80,-52
c8:aa:21:b0:53:c3,zviad5,1330666521.57,Dropbox,00:0b:86:74:97:60,-61
c8:aa:21:b0:53:c3,zviad5,1330666521.57,Dropbox,00:0b:86:74:97:90,-70
c8:aa:21:b0:53:c3,zviad5,1330666521.57,Dropbox,00:0b:86:74:9a:90,-76
c8:aa:21:b0:53:c3,zviad5,1330666521.57,Dropbox,00:0b:86:74:96:80,-79
c8:aa:21:b0:53:c3,zviad5,1330666521.57,Dropbox,00:0b:86:74:95:e0,-87
c8:aa:21:b0:53:c3,zviad5,1330666521.57,Dropbox,00:0b:86:74:99:b0,-87
c8:aa:21:b0:53:c3,zviad5,1330666521.57,Dropbox,00:0b:86:74:95:a0,-91
c8:aa:21:b0:53:c3,zviad5,1330666521.57,DropboxGuest,00:0b:86:74:9a:81,-53
c8:aa:21:b0:53:c3,zviad5,1330666521.57,DropboxGuest,00:0b:86:74:97:61,-53
c8:aa:21:b0:53:c3,zviad5,1330666521.57,DropboxGuest,00:0b:86:74:97:91,-70
c8:aa:21:b0:53:c3,zviad5,1330666521.57,DropboxGuest,00:0b:86:74:9a:91,-78
c8:aa:21:b0:53:c3,zviad5,1330666521.57,DropboxGuest,00:0b:86:74:96:81,-79
c8:aa:21:b0:53:c3,zviad5,1330666521.57,DropboxGuest,00:0b:86:74:95:e1,-85
c8:aa:21:b0:53:c3,zviad5,1330666521.57,DropboxGuest,00:0b:86:74:99:b1,-85
c8:aa:21:b0:53:c3,zviad5,1330666521.57,DropboxGuest,00:0b:86:74:95:a1,-91
c8:aa:21:b0:53:c3,zviad5,1330666523.22,Dropbox,00:0b:86:74:9a:80,-52
c8:aa:21:b0:53:c3,zviad5,1330666523.22,Dropbox,00:0b:86:74:97:60,-59
c8:aa:21:b0:53:c3,zviad5,1330666523.22,Dropbox,00:0b:86:74:97:90,-70
c8:aa:21:b0:53:c3,zviad5,1330666523.22,Dropbox,00:0b:86:74:96:80,-78
c8:aa:21:b0:53:c3,zviad5,1330666523.22,Dropbox,00:0b:86:74:99:b0,-87
c8:aa:21:b0:53:c3,zviad5,1330666523.22,Dropbox,00:0b:86:74:95:a0,-89
c8:aa:21:b0:53:c3,zviad5,1330666523.22,Dropbox,00:0b:86:74:95:e0,-89
c8:aa:21:b0:53:c3,zviad5,1330666523.22,DropboxGuest,00:0b:86:74:9a:81,-52
c8:aa:21:b0:53:c3,zviad5,1330666523.22,DropboxGuest,00:0b:86:74:97:61,-57
c8:aa:21:b0:53:c3,zviad5,1330666523.22,DropboxGuest,00:0b:86:74:97:91,-71
c8:aa:21:b0:53:c3,zviad5,1330666523.22,DropboxGuest,00:0b:86:74:9a:91,-76
c8:aa:21:b0:53:c3,zviad5,1330666523.22,DropboxGuest,00:0b:86:74:96:81,-79
c8:aa:21:b0:53:c3,zviad5,1330666523.22,DropboxGuest,00:0b:86:74:95:e1,-85
c8:aa:21:b0:53:c3,zviad5,1330666523.22,DropboxGuest,00:0b:86:74:99:b1,-85
c8:aa:21:b0:53:c3,zviad5,1330666523.22,DropboxGuest,00:0b:86:74:95:a1,-85
c8:aa:21:b0:53:c3,zviad5,1330666525.06,Dropbox,00:0b:86:74:97:60,-52
c8:aa:21:b0:53:c3,zviad5,1330666525.06,Dropbox,00:0b:86:74:9a:80,-55
c8:aa:21:b0:53:c3,zviad5,1330666525.06,Dropbox,00:0b:86:74:97:90,-70
c8:aa:21:b0:53:c3,zviad5,1330666525.06,Dropbox,00:0b:86:74:96:80,-73
c8:aa:21:b0:53:c3,zviad5,1330666525.06,Dropbox,00:0b:86:74:95:e0,-88
c8:aa:21:b0:53:c3,zviad5,1330666525.06,Dropbox,00:0b:86:74:95:a0,-89
c8:aa:21:b0:53:c3,zviad5,1330666525.06,Dropbox,d8:c7:c8:87:ba:60,-93
c8:aa:21:b0:53:c3,zviad5,1330666525.06,DropboxGuest,00:0b:86:74:97:61,-54
c8:aa:21:b0:53:c3,zviad5,1330666525.06,DropboxGuest,00:0b:86:74:9a:81,-56
c8:aa:21:b0:53:c3,zviad5,1330666525.06,DropboxGuest,00:0b:86:74:97:91,-71
c8:aa:21:b0:53:c3,zviad5,1330666525.06,DropboxGuest,00:0b:86:74:9a:91,-75
c8:aa:21:b0:53:c3,zviad5,1330666525.06,DropboxGuest,00:0b:86:74:96:81,-79
c8:aa:21:b0:53:c3,zviad5,1330666525.06,DropboxGuest,00:0b:86:74:99:b1,-85
c8:aa:21:b0:53:c3,zviad5,1330666525.06,DropboxGuest,00:0b:86:74:95:e1,-85
c8:aa:21:b0:53:c3,zviad5,1330666525.06,DropboxGuest,00:0b:86:74:95:a1,-95
c8:aa:21:b0:53:c3,zviad5,1330666526.6,Dropbox,00:0b:86:74:97:60,-52
c8:aa:21:b0:53:c3,zviad5,1330666526.6,Dropbox,00:0b:86:74:9a:80,-58
c8:aa:21:b0:53:c3,zviad5,1330666526.6,Dropbox,00:0b:86:74:96:80,-70
c8:aa:21:b0:53:c3,zviad5,1330666526.6,Dropbox,00:0b:86:74:97:90,-70
c8:aa:21:b0:53:c3,zviad5,1330666526.6,Dropbox,00:0b:86:74:95:a0,-89
c8:aa:21:b0:53:c3,zviad5,1330666526.6,Dropbox,00:0b:86:74:95:e0,-89
c8:aa:21:b0:53:c3,zviad5,1330666526.6,Dropbox,d8:c7:c8:87:ba:60,-93
c8:aa:21:b0:53:c3,zviad5,1330666526.6,DropboxGuest,00:0b:86:74:97:61,-52
c8:aa:21:b0:53:c3,zviad5,1330666526.6,DropboxGuest,00:0b:86:74:9a:81,-56
c8:aa:21:b0:53:c3,zviad5,1330666526.6,DropboxGuest,00:0b:86:74:96:81,-70
c8:aa:21:b0:53:c3,zviad5,1330666526.6,DropboxGuest,00:0b:86:74:9a:91,-76
c8:aa:21:b0:53:c3,zviad5,1330666526.6,DropboxGuest,00:0b:86:74:97:91,-76
c8:aa:21:b0:53:c3,zviad5,1330666526.6,DropboxGuest,00:0b:86:74:95:e1,-87
c8:aa:21:b0:53:c3,zviad5,1330666526.6,DropboxGuest,00:0b:86:74:95:a1,-95
c8:aa:21:b0:53:c3,zviad5,1330666528.27,Dropbox,00:0b:86:74:97:60,-52
c8:aa:21:b0:53:c3,zviad5,1330666528.27,Dropbox,00:0b:86:74:9a:80,-60
c8:aa:21:b0:53:c3,zviad5,1330666528.27,Dropbox,00:0b:86:74:97:90,-70
c8:aa:21:b0:53:c3,zviad5,1330666528.27,Dropbox,00:0b:86:74:96:80,-72
c8:aa:21:b0:53:c3,zviad5,1330666528.27,Dropbox,00:0b:86:74:99:b0,-84
c8:aa:21:b0:53:c3,zviad5,1330666528.27,Dropbox,00:0b:86:74:95:e0,-89
c8:aa:21:b0:53:c3,zviad5,1330666528.27,Dropbox,00:0b:86:74:95:a0,-89
c8:aa:21:b0:53:c3,zviad5,1330666528.27,Dropbox,d8:c7:c8:87:ba:60,-93
c8:aa:21:b0:53:c3,zviad5,1330666528.27,DropboxGuest,00:0b:86:74:97:61,-51
c8:aa:21:b0:53:c3,zviad5,1330666528.27,DropboxGuest,00:0b:86:74:9a:81,-54
c8:aa:21:b0:53:c3,zviad5,1330666528.27,DropboxGuest,00:0b:86:74:96:81,-70
c8:aa:21:b0:53:c3,zviad5,1330666528.27,DropboxGuest,00:0b:86:74:97:91,-76
c8:aa:21:b0:53:c3,zviad5,1330666528.27,DropboxGuest,00:0b:86:74:9a:91,-76
c8:aa:21:b0:53:c3,zviad5,1330666528.27,DropboxGuest,00:0b:86:74:95:e1,-87
c8:aa:21:b0:53:c3,zviad5,1330666528.27,DropboxGuest,00:0b:86:74:99:b1,-87
c8:aa:21:b0:53:c3,zviad5,1330666528.27,DropboxGuest,00:0b:86:74:95:a1,-95
